-- MySQL Script generated by MySQL Workbench
-- Fri Sep 15 22:19:55 2017
-- Model: New Model    Version: 1.0
-- MySQL Workbench Forward Engineering

SET @OLD_UNIQUE_CHECKS=@@UNIQUE_CHECKS, UNIQUE_CHECKS=0;
SET @OLD_FOREIGN_KEY_CHECKS=@@FOREIGN_KEY_CHECKS, FOREIGN_KEY_CHECKS=0;
SET @OLD_SQL_MODE=@@SQL_MODE, SQL_MODE='TRADITIONAL,ALLOW_INVALID_DATES';

-- -----------------------------------------------------
-- Schema mydb
-- -----------------------------------------------------

-- -----------------------------------------------------
-- Schema mydb
-- -----------------------------------------------------
CREATE SCHEMA IF NOT EXISTS `mydb` DEFAULT CHARACTER SET utf8 ;
USE `mydb` ;

-- -----------------------------------------------------
-- Table `mydb`.`countries`
-- -----------------------------------------------------
CREATE TABLE IF NOT EXISTS `mydb`.`countries` (
  `idCountry` INT(11) NOT NULL AUTO_INCREMENT,
  `name` VARCHAR(80) NOT NULL,
  PRIMARY KEY (`idCountry`))
ENGINE = InnoDB
AUTO_INCREMENT = 33
DEFAULT CHARACTER SET = utf8;


-- -----------------------------------------------------
-- Table `mydb`.`regions`
-- -----------------------------------------------------
CREATE TABLE IF NOT EXISTS `mydb`.`regions` (
  `idRegion` INT(11) NOT NULL AUTO_INCREMENT,
  `name` VARCHAR(80) NOT NULL,
  `idCountry` INT(11) NOT NULL,
  PRIMARY KEY (`idRegion`),
  INDEX `fk_Regions_Countries1_idx` (`idCountry` ASC),
  CONSTRAINT `fk_Regions_Countries1`
    FOREIGN KEY (`idCountry`)
    REFERENCES `mydb`.`countries` (`idCountry`)
    ON DELETE NO ACTION
    ON UPDATE NO ACTION)
ENGINE = InnoDB
AUTO_INCREMENT = 11
DEFAULT CHARACTER SET = utf8;


-- -----------------------------------------------------
-- Table `mydb`.`cities`
-- -----------------------------------------------------
CREATE TABLE IF NOT EXISTS `mydb`.`cities` (
  `idCitiy` INT(11) NOT NULL AUTO_INCREMENT,
  `name` VARCHAR(80) NOT NULL,
  `idRegion` INT(11) NOT NULL,
  PRIMARY KEY (`idCitiy`),
  INDEX `fk_Cities_Regions1_idx` (`idRegion` ASC),
  CONSTRAINT `fk_Cities_Regions1`
    FOREIGN KEY (`idRegion`)
    REFERENCES `mydb`.`regions` (`idRegion`)
    ON DELETE NO ACTION
    ON UPDATE NO ACTION)
ENGINE = InnoDB
AUTO_INCREMENT = 19
DEFAULT CHARACTER SET = utf8;


-- -----------------------------------------------------
-- Table `mydb`.`addresses`
-- -----------------------------------------------------
CREATE TABLE IF NOT EXISTS `mydb`.`addresses` (
  `idAddress` INT(11) NOT NULL AUTO_INCREMENT,
  `zipCode` VARCHAR(15) NOT NULL,
  `detail1` VARCHAR(300) NOT NULL,
  `detail2` VARCHAR(45) NULL DEFAULT NULL,
  `idCitiy` INT(11) NOT NULL,
  PRIMARY KEY (`idAddress`),
  INDEX `fk_Addresses_Cities1_idx` (`idCitiy` ASC),
  CONSTRAINT `fk_Addresses_Cities1`
    FOREIGN KEY (`idCitiy`)
    REFERENCES `mydb`.`cities` (`idCitiy`)
    ON DELETE NO ACTION
    ON UPDATE NO ACTION)
ENGINE = InnoDB
AUTO_INCREMENT = 11
DEFAULT CHARACTER SET = utf8;


-- -----------------------------------------------------
-- Table `mydb`.`images`
-- -----------------------------------------------------
CREATE TABLE IF NOT EXISTS `mydb`.`images` (
  `idimage` INT(11) NOT NULL AUTO_INCREMENT,
  `value` BLOB NULL DEFAULT NULL,
  PRIMARY KEY (`idimage`))
ENGINE = InnoDB
AUTO_INCREMENT = 7
DEFAULT CHARACTER SET = utf8;


-- -----------------------------------------------------
-- Table `mydb`.`answers`
-- -----------------------------------------------------
CREATE TABLE IF NOT EXISTS `mydb`.`answers` (
  `idanswer` INT(11) NOT NULL AUTO_INCREMENT,
  `value` VARCHAR(50) NOT NULL,
  `idimage` INT(11) NOT NULL,
  PRIMARY KEY (`idanswer`),
  INDEX `fk_Answers_Images1_idx` (`idimage` ASC),
  CONSTRAINT `fk_Answers_Images1`
    FOREIGN KEY (`idimage`)
    REFERENCES `mydb`.`images` (`idimage`)
    ON DELETE NO ACTION
    ON UPDATE NO ACTION)
ENGINE = InnoDB
AUTO_INCREMENT = 7
DEFAULT CHARACTER SET = utf8;


-- -----------------------------------------------------
-- Table `mydb`.`categories`
-- -----------------------------------------------------
CREATE TABLE IF NOT EXISTS `mydb`.`categories` (
  `idcategory` INT(11) NOT NULL AUTO_INCREMENT,
  `name` VARCHAR(50) NOT NULL,
  PRIMARY KEY (`idcategory`))
ENGINE = InnoDB
AUTO_INCREMENT = 9
DEFAULT CHARACTER SET = utf8;


-- -----------------------------------------------------
-- Table `mydb`.`severities`
-- -----------------------------------------------------
CREATE TABLE IF NOT EXISTS `mydb`.`severities` (
  `idseverity` INT(11) NOT NULL AUTO_INCREMENT,
  `name` VARCHAR(45) NOT NULL,
  PRIMARY KEY (`idseverity`))
ENGINE = InnoDB
DEFAULT CHARACTER SET = utf8;


-- -----------------------------------------------------
-- Table `mydb`.`eventstypes`
-- -----------------------------------------------------
CREATE TABLE IF NOT EXISTS `mydb`.`eventstypes` (
  `ideventType` INT(11) NOT NULL AUTO_INCREMENT,
  `name` VARCHAR(15) NOT NULL,
  `idseverity` INT(11) NOT NULL,
  PRIMARY KEY (`ideventType`),
  INDEX `fk_eventType_severity1_idx` (`idseverity` ASC),
  CONSTRAINT `fk_eventType_severity1`
    FOREIGN KEY (`idseverity`)
    REFERENCES `mydb`.`severities` (`idseverity`)
    ON DELETE NO ACTION
    ON UPDATE NO ACTION)
ENGINE = InnoDB
DEFAULT CHARACTER SET = utf8;


-- -----------------------------------------------------
-- Table `mydb`.`grades`
-- -----------------------------------------------------
CREATE TABLE IF NOT EXISTS `mydb`.`grades` (
  `idgrade` INT(11) NOT NULL AUTO_INCREMENT,
  `name` VARCHAR(10) NOT NULL,
  PRIMARY KEY (`idgrade`))
ENGINE = InnoDB
AUTO_INCREMENT = 7
DEFAULT CHARACTER SET = utf8;


-- -----------------------------------------------------
-- Table `mydb`.`players`
-- -----------------------------------------------------
CREATE TABLE IF NOT EXISTS `mydb`.`players` (
  `idplayer` INT(11) NOT NULL AUTO_INCREMENT,
  `name` VARCHAR(50) NOT NULL,
  `age` INT(11) NOT NULL,
  `idgrade` INT(11) NOT NULL,
  `lastname1` VARCHAR(50) NOT NULL,
  `lastname2` VARCHAR(50) NULL DEFAULT NULL,
  `enable` TINYINT(4) NOT NULL,
  PRIMARY KEY (`idplayer`),
  INDEX `fk_Players_Grades1_idx` (`idgrade` ASC),
  CONSTRAINT `fk_Players_Grades1`
    FOREIGN KEY (`idgrade`)
    REFERENCES `mydb`.`grades` (`idgrade`)
    ON DELETE NO ACTION
    ON UPDATE NO ACTION)
ENGINE = InnoDB
AUTO_INCREMENT = 8
DEFAULT CHARACTER SET = utf8;


-- -----------------------------------------------------
-- Table `mydb`.`games`
-- -----------------------------------------------------
CREATE TABLE IF NOT EXISTS `mydb`.`games` (
  `idgame` INT(11) NOT NULL AUTO_INCREMENT,
  `idplayer` INT(11) NOT NULL,
  `totalPoints` DECIMAL(10,0) NOT NULL,
  PRIMARY KEY (`idgame`),
  INDEX `fk_game_player1_idx` (`idplayer` ASC),
  CONSTRAINT `fk_game_player1`
    FOREIGN KEY (`idplayer`)
    REFERENCES `mydb`.`players` (`idplayer`)
    ON DELETE NO ACTION
    ON UPDATE NO ACTION)
ENGINE = InnoDB
AUTO_INCREMENT = 14
DEFAULT CHARACTER SET = utf8;


-- -----------------------------------------------------
-- Table `mydb`.`units`
-- -----------------------------------------------------
CREATE TABLE IF NOT EXISTS `mydb`.`units` (
  `idUnit` INT(11) NOT NULL,
  `name` VARCHAR(20) NOT NULL,
  PRIMARY KEY (`idUnit`))
ENGINE = InnoDB
DEFAULT CHARACTER SET = utf8;


-- -----------------------------------------------------
-- Table `mydb`.`times`
-- -----------------------------------------------------
CREATE TABLE IF NOT EXISTS `mydb`.`times` (
  `idTime` INT(11) NOT NULL,
  `value` DECIMAL(10,0) NOT NULL,
  `idUnit` INT(11) NOT NULL,
  PRIMARY KEY (`idTime`),
  INDEX `fk_Times_Units1_idx` (`idUnit` ASC),
  CONSTRAINT `fk_Times_Units1`
    FOREIGN KEY (`idUnit`)
    REFERENCES `mydb`.`units` (`idUnit`)
    ON DELETE NO ACTION
    ON UPDATE NO ACTION)
ENGINE = InnoDB
DEFAULT CHARACTER SET = utf8;


-- -----------------------------------------------------
-- Table `mydb`.`questions`
-- -----------------------------------------------------
CREATE TABLE IF NOT EXISTS `mydb`.`questions` (
  `idquestion` INT(11) NOT NULL AUTO_INCREMENT,
  `description` VARCHAR(350) NOT NULL,
  `idcategory` INT(11) NOT NULL,
  `idgrade` INT(11) NOT NULL,
  `idanswer` INT(11) NOT NULL,
  `points` DECIMAL(10,0) NOT NULL,
  `idTime` INT(11) NOT NULL,
  PRIMARY KEY (`idquestion`),
  INDEX `fk_question_category_idx` (`idcategory` ASC),
  INDEX `fk_question_answer1_idx` (`idanswer` ASC),
  INDEX `fk_question_grade1_idx` (`idgrade` ASC),
  INDEX `fk_Questions_Times1_idx` (`idTime` ASC),
  CONSTRAINT `fk_Questions_Times1`
    FOREIGN KEY (`idTime`)
    REFERENCES `mydb`.`times` (`idTime`)
    ON DELETE NO ACTION
    ON UPDATE NO ACTION,
  CONSTRAINT `fk_question_answer1`
    FOREIGN KEY (`idanswer`)
    REFERENCES `mydb`.`answers` (`idanswer`)
    ON DELETE NO ACTION
    ON UPDATE NO ACTION,
  CONSTRAINT `fk_question_category`
    FOREIGN KEY (`idcategory`)
    REFERENCES `mydb`.`categories` (`idcategory`)
    ON DELETE NO ACTION
    ON UPDATE NO ACTION,
  CONSTRAINT `fk_question_grade1`
    FOREIGN KEY (`idgrade`)
    REFERENCES `mydb`.`grades` (`idgrade`)
    ON DELETE NO ACTION
    ON UPDATE NO ACTION)
ENGINE = InnoDB
AUTO_INCREMENT = 11
DEFAULT CHARACTER SET = utf8;


-- -----------------------------------------------------
-- Table `mydb`.`gamesxquestions`
-- -----------------------------------------------------
CREATE TABLE IF NOT EXISTS `mydb`.`gamesxquestions` (
  `idGameXQuestion` INT(11) NOT NULL AUTO_INCREMENT,
  `idgame` INT(11) NOT NULL,
  `idquestion` INT(11) NOT NULL,
  `points` DECIMAL(10,0) NOT NULL,
  PRIMARY KEY (`idGameXQuestion`, `idgame`, `idquestion`),
  INDEX `fk_GamesXQuestions_Games1_idx` (`idgame` ASC),
  INDEX `fk_GamesXQuestions_Questions1_idx` (`idquestion` ASC),
  CONSTRAINT `fk_GamesXQuestions_Games1`
    FOREIGN KEY (`idgame`)
    REFERENCES `mydb`.`games` (`idgame`)
    ON DELETE NO ACTION
    ON UPDATE NO ACTION,
  CONSTRAINT `fk_GamesXQuestions_Questions1`
    FOREIGN KEY (`idquestion`)
    REFERENCES `mydb`.`questions` (`idquestion`)
    ON DELETE NO ACTION
    ON UPDATE NO ACTION)
ENGINE = InnoDB
DEFAULT CHARACTER SET = utf8;


-- -----------------------------------------------------
-- Table `mydb`.`loggers`
-- -----------------------------------------------------
CREATE TABLE IF NOT EXISTS `mydb`.`loggers` (
  `idlogger` INT(11) NOT NULL AUTO_INCREMENT,
  `description` VARCHAR(300) NOT NULL,
  `date` DATE NOT NULL,
  `username` VARCHAR(16) NOT NULL,
  `computerName` VARCHAR(30) NOT NULL,
  `postDate` DATE NOT NULL,
  `checksum` BINARY(150) NOT NULL,
  `ideventType` INT(11) NOT NULL,
  PRIMARY KEY (`idlogger`),
  INDEX `fk_logger_eventType1_idx` (`ideventType` ASC),
  CONSTRAINT `fk_logger_eventType1`
    FOREIGN KEY (`ideventType`)
    REFERENCES `mydb`.`eventstypes` (`ideventType`)
    ON DELETE NO ACTION
    ON UPDATE NO ACTION)
ENGINE = InnoDB
DEFAULT CHARACTER SET = utf8;


-- -----------------------------------------------------
-- Table `mydb`.`playersxaddresses`
-- -----------------------------------------------------
CREATE TABLE IF NOT EXISTS `mydb`.`playersxaddresses` (
  `idplayer` INT(11) NOT NULL,
  `idAddress` INT(11) NOT NULL,
  `date` DATE NOT NULL,
  `enable` TINYINT(4) NOT NULL,
  PRIMARY KEY (`idplayer`, `idAddress`),
  INDEX `fk_Players_has_Addresses_Addresses1_idx` (`idAddress` ASC),
  INDEX `fk_Players_has_Addresses_Players1_idx` (`idplayer` ASC),
  CONSTRAINT `fk_Players_has_Addresses_Addresses1`
    FOREIGN KEY (`idAddress`)
    REFERENCES `mydb`.`addresses` (`idAddress`)
    ON DELETE NO ACTION
    ON UPDATE NO ACTION,
  CONSTRAINT `fk_Players_has_Addresses_Players1`
    FOREIGN KEY (`idplayer`)
    REFERENCES `mydb`.`players` (`idplayer`)
    ON DELETE NO ACTION
    ON UPDATE NO ACTION)
ENGINE = InnoDB
DEFAULT CHARACTER SET = utf8;


-- -----------------------------------------------------
-- Table `mydb`.`schools`
-- -----------------------------------------------------
CREATE TABLE IF NOT EXISTS `mydb`.`schools` (
  `idSchool` INT(11) NOT NULL AUTO_INCREMENT,
  `name` VARCHAR(80) NOT NULL,
  `idAddress` INT(11) NOT NULL,
  PRIMARY KEY (`idSchool`),
  INDEX `fk_Schools_Addresses1_idx` (`idAddress` ASC),
  CONSTRAINT `fk_Schools_Addresses1`
    FOREIGN KEY (`idAddress`)
    REFERENCES `mydb`.`addresses` (`idAddress`)
    ON DELETE NO ACTION
    ON UPDATE NO ACTION)
ENGINE = InnoDB
AUTO_INCREMENT = 11
DEFAULT CHARACTER SET = utf8;


-- -----------------------------------------------------
-- Table `mydb`.`playersxschools`
-- -----------------------------------------------------
CREATE TABLE IF NOT EXISTS `mydb`.`playersxschools` (
  `idPlayerXSchool` INT(11) NOT NULL AUTO_INCREMENT,
  `idplayer` INT(11) NOT NULL,
  `idSchool` INT(11) NOT NULL,
  PRIMARY KEY (`idPlayerXSchool`, `idplayer`, `idSchool`),
  INDEX `fk_Players_has_Schools_Schools1_idx` (`idSchool` ASC),
  INDEX `fk_Players_has_Schools_Players1_idx` (`idplayer` ASC),
  CONSTRAINT `fk_Players_has_Schools_Players1`
    FOREIGN KEY (`idplayer`)
    REFERENCES `mydb`.`players` (`idplayer`)
    ON DELETE NO ACTION
    ON UPDATE NO ACTION,
  CONSTRAINT `fk_Players_has_Schools_Schools1`
    FOREIGN KEY (`idSchool`)
    REFERENCES `mydb`.`schools` (`idSchool`)
    ON DELETE NO ACTION
    ON UPDATE NO ACTION)
ENGINE = InnoDB
AUTO_INCREMENT = 15
DEFAULT CHARACTER SET = utf8;


-- -----------------------------------------------------
-- Table `mydb`.`userstypes`
-- -----------------------------------------------------
CREATE TABLE IF NOT EXISTS `mydb`.`userstypes` (
  `iduserType` INT(11) NOT NULL AUTO_INCREMENT,
  `name` VARCHAR(20) NOT NULL,
  PRIMARY KEY (`iduserType`))
ENGINE = InnoDB
AUTO_INCREMENT = 6
DEFAULT CHARACTER SET = utf8;


-- -----------------------------------------------------
-- Table `mydb`.`users`
-- -----------------------------------------------------
CREATE TABLE IF NOT EXISTS `mydb`.`users` (
  `iduser` INT(11) NOT NULL AUTO_INCREMENT,
  `username` VARCHAR(16) NOT NULL,
  `email` VARCHAR(255) NULL DEFAULT NULL,
  `password` VARBINARY(60) NOT NULL,
  `iduserType` INT(11) NOT NULL,
  `enable` TINYINT(4) NOT NULL,
  PRIMARY KEY (`iduser`),
  INDEX `fk_user_userType1_idx` (`iduserType` ASC),
  CONSTRAINT `fk_user_userType1`
    FOREIGN KEY (`iduserType`)
    REFERENCES `mydb`.`userstypes` (`iduserType`)
    ON DELETE NO ACTION
    ON UPDATE NO ACTION)
ENGINE = InnoDB
AUTO_INCREMENT = 17
DEFAULT CHARACTER SET = utf8;


-- -----------------------------------------------------
-- Table `mydb`.`playersxusers`
-- -----------------------------------------------------
CREATE TABLE IF NOT EXISTS `mydb`.`playersxusers` (
  `idplayer` INT(11) NOT NULL,
  `iduser` INT(11) NOT NULL,
  PRIMARY KEY (`idplayer`, `iduser`),
  INDEX `fk_Players_has_Users_Users1_idx` (`iduser` ASC),
  INDEX `fk_Players_has_Users_Players1_idx` (`idplayer` ASC),
  CONSTRAINT `fk_Players_has_Users_Players1`
    FOREIGN KEY (`idplayer`)
    REFERENCES `mydb`.`players` (`idplayer`)
    ON DELETE NO ACTION
    ON UPDATE NO ACTION,
  CONSTRAINT `fk_Players_has_Users_Users1`
    FOREIGN KEY (`iduser`)
    REFERENCES `mydb`.`users` (`iduser`)
    ON DELETE NO ACTION
    ON UPDATE NO ACTION)
ENGINE = InnoDB
DEFAULT CHARACTER SET = utf8;

USE `mydb` ;

-- -----------------------------------------------------
-- procedure sp_insertAddress
-- -----------------------------------------------------

DELIMITER $$
USE `mydb`$$
CREATE DEFINER=`root`@`localhost` PROCEDURE `sp_insertAddress`()
BEGIN
INSERT INTO addresses (zipCode,detail1,detail2,idCitiy) VALUES ("234","a","b",1);
INSERT INTO addresses (zipCode,detail1,detail2,idCitiy) VALUES ("567","a","b",2);
INSERT INTO addresses (zipCode,detail1,detail2,idCitiy) VALUES ("890","a","b",8);
INSERT INTO addresses (zipCode,detail1,detail2,idCitiy) VALUES ("222","a","b",4);
INSERT INTO addresses (zipCode,detail1,detail2,idCitiy) VALUES ("333","a","b",2);
INSERT INTO addresses (zipCode,detail1,detail2,idCitiy) VALUES ("444","a","b",6);
INSERT INTO addresses (zipCode,detail1,detail2,idCitiy) VALUES ("555","a","b",9);
INSERT INTO addresses (zipCode,detail1,detail2,idCitiy) VALUES ("666","a","b",5);
INSERT INTO addresses (zipCode,detail1,detail2,idCitiy) VALUES ("777","a","b",6);
INSERT INTO addresses (zipCode,detail1,detail2,idCitiy) VALUES ("888","a","b",2);
END$$

DELIMITER ;

-- -----------------------------------------------------
-- procedure sp_insertAnswer
-- -----------------------------------------------------

DELIMITER $$
USE `mydb`$$
CREATE DEFINER=`root`@`localhost` PROCEDURE `sp_insertAnswer`()
BEGIN

INSERT INTO answers(value,idimage) VALUES ("anws1",4);
INSERT INTO answers(value,idimage) VALUES ("anws2",5);
INSERT INTO answers(value,idimage) VALUES ("anws3",5);
INSERT INTO answers(value,idimage) VALUES ("anws3",4);
INSERT INTO answers(value,idimage) VALUES ("anws4",3);
INSERT INTO answers(value,idimage) VALUES ("anws5",3);
END$$

DELIMITER ;

-- -----------------------------------------------------
-- procedure sp_insertCategories
-- -----------------------------------------------------

DELIMITER $$
USE `mydb`$$
CREATE DEFINER=`root`@`localhost` PROCEDURE `sp_insertCategories`()
BEGIN

INSERT INTO categories(name) VALUE ("categoria1");
INSERT INTO categories(name) VALUE ("categoria2");
INSERT INTO categories(name) VALUE ("categoria3");
INSERT INTO categories(name) VALUE ("categoria4");
INSERT INTO categories(name) VALUE ("categoria5");
INSERT INTO categories(name) VALUE ("categoria6");
INSERT INTO categories(name) VALUE ("categoria7");
INSERT INTO categories(name) VALUE ("categoria8");

END$$

DELIMITER ;

-- -----------------------------------------------------
-- procedure sp_insertCities
-- -----------------------------------------------------

DELIMITER $$
USE `mydb`$$
CREATE DEFINER=`root`@`localhost` PROCEDURE `sp_insertCities`()
BEGIN
INSERT INTO cities (name,idRegion) VALUES ("San Jose",1);
INSERT INTO cities (name,idRegion) VALUES ("Los Angeles",2);
INSERT INTO cities (name,idRegion) VALUES ("Turin",4);
INSERT INTO cities (name,idRegion) VALUES ("San Diego",2);
INSERT INTO cities (name,idRegion) VALUES ("Barrio Mexico",1);
INSERT INTO cities (name,idRegion) VALUES ("Sarchi",3);
INSERT INTO cities (name,idRegion) VALUES ("Esparza",7);
INSERT INTO cities (name,idRegion) VALUES ("Nicoya",8);
INSERT INTO cities (name,idRegion) VALUES ("Liberia",8);
END$$

DELIMITER ;

-- -----------------------------------------------------
-- procedure sp_insertCountries
-- -----------------------------------------------------

DELIMITER $$
USE `mydb`$$
CREATE DEFINER=`root`@`localhost` PROCEDURE `sp_insertCountries`()
BEGIN
INSERT INTO countries (name) VALUES("Costa Rica");
INSERT INTO countries (name) VALUES("Mexico");
INSERT INTO countries (name) VALUES("Canada");
INSERT INTO countries (name) VALUES("Estados Unidos");
INSERT INTO countries (name) VALUES("Francia");
INSERT INTO countries (name) VALUES("Italia");
INSERT INTO countries (name) VALUES("Honduras");
INSERT INTO countries (name) VALUES("Guatemala");
INSERT INTO countries (name) VALUES("Panama");
INSERT INTO countries (name) VALUES("Colombia");
END$$

DELIMITER ;

-- -----------------------------------------------------
-- procedure sp_insertGames
-- -----------------------------------------------------

DELIMITER $$
USE `mydb`$$
CREATE DEFINER=`root`@`localhost` PROCEDURE `sp_insertGames`()
BEGIN
INSERT INTO games (idplayer,totalPoints) VALUES (1,20);
INSERT INTO games (idplayer,totalPoints) VALUES (5,40);
INSERT INTO games (idplayer,totalPoints) VALUES (6,50);
INSERT INTO games (idplayer,totalPoints) VALUES (2,0);
INSERT INTO games (idplayer,totalPoints) VALUES (7,102);
INSERT INTO games (idplayer,totalPoints) VALUES (4,200);
INSERT INTO games (idplayer,totalPoints) VALUES (3,1);
END$$

DELIMITER ;

-- -----------------------------------------------------
-- procedure sp_insertGrades
-- -----------------------------------------------------

DELIMITER $$
USE `mydb`$$
CREATE DEFINER=`root`@`localhost` PROCEDURE `sp_insertGrades`()
BEGIN

INSERT INTO grades (name) VALUES ("1");
INSERT INTO grades (name) VALUES ("2");
INSERT INTO grades (name) VALUES ("3");
INSERT INTO grades (name) VALUES ("4");
INSERT INTO grades (name) VALUES ("5");
INSERT INTO grades (name) VALUES ("6");

END$$

DELIMITER ;

-- -----------------------------------------------------
-- procedure sp_insertImages
-- -----------------------------------------------------

DELIMITER $$
USE `mydb`$$
CREATE DEFINER=`root`@`localhost` PROCEDURE `sp_insertImages`()
BEGIN

INSERT INTO images (value) VALUES (LOAD_FILE("/IQApp-Master/1.png"));
INSERT INTO images (value) VALUES (LOAD_FILE("/IQApp-Master/2.png"));
INSERT INTO images (value) VALUES (LOAD_FILE("/IQApp-Master/3.png"));
INSERT INTO images (value) VALUES (LOAD_FILE("/IQApp-Master/4.png"));
END$$

DELIMITER ;

-- -----------------------------------------------------
-- procedure sp_insertPlayers
-- -----------------------------------------------------

DELIMITER $$
USE `mydb`$$
CREATE DEFINER=`root`@`localhost` PROCEDURE `sp_insertPlayers`()
BEGIN
INSERT INTO players (name,age,idgrade,lastname1,lastname2,enable) VALUES ("Fulano",8,2,"apellido1","apellido2",1);
INSERT INTO players (name,age,idgrade,lastname1,lastname2,enable) VALUES ("Sutano",10,4,"apellido1","apellido2",2);
INSERT INTO players (name,age,idgrade,lastname1,lastname2,enable) VALUES ("Mengano",12,6,"apellido1","apellido2",3);
INSERT INTO players (name,age,idgrade,lastname1,lastname2,enable) VALUES ("Paco",9,3,"apellido1","apellido2",4);
INSERT INTO players (name,age,idgrade,lastname1,lastname2,enable) VALUES ("Lola",11,5,"apellido1","apellido2",5);
INSERT INTO players (name,age,idgrade,lastname1,lastname2,enable) VALUES ("Jeff",10,4,"apellido1","apellido2",6);
INSERT INTO players (name,age,idgrade,lastname1,lastname2,enable) VALUES ("Saul",8,2,"apellido1","apellido2",7);

END$$

DELIMITER ;

-- -----------------------------------------------------
-- procedure sp_insertPlayersXSchool
-- -----------------------------------------------------

DELIMITER $$
USE `mydb`$$
CREATE DEFINER=`root`@`localhost` PROCEDURE `sp_insertPlayersXSchool`()
BEGIN
INSERT INTO playersxschools (idplayer,idSchool) VALUES (1,2);
INSERT INTO playersxschools (idplayer,idSchool) VALUES (2,3);
INSERT INTO playersxschools (idplayer,idSchool) VALUES (4,6);
INSERT INTO playersxschools (idplayer,idSchool) VALUES (7,9);
INSERT INTO playersxschools (idplayer,idSchool) VALUES (3,2);


END$$

DELIMITER ;

-- -----------------------------------------------------
-- procedure sp_insertPlayersxAdress
-- -----------------------------------------------------

DELIMITER $$
USE `mydb`$$
CREATE DEFINER=`root`@`localhost` PROCEDURE `sp_insertPlayersxAdress`()
BEGIN
INSERT INTO playersxaddresses (idplayer,idAddress,date,enable) VALUES (1,10,"2017-09-15",1);
INSERT INTO playersxaddresses (idplayer,idAddress,date,enable) VALUES (3,9,"2017-09-15",1);
INSERT INTO playersxaddresses (idplayer,idAddress,date,enable) VALUES (5,6,"2017-09-15",0);
INSERT INTO playersxaddresses (idplayer,idAddress,date,enable) VALUES (2,1,"2017-09-15",1);
INSERT INTO playersxaddresses (idplayer,idAddress,date,enable) VALUES (6,3,"2017-09-15",0);
INSERT INTO playersxaddresses (idplayer,idAddress,date,enable) VALUES (8,5,"2017-09-15",1);

END$$

DELIMITER ;

-- -----------------------------------------------------
-- procedure sp_insertQuestions
-- -----------------------------------------------------

DELIMITER $$
USE `mydb`$$
CREATE DEFINER=`root`@`localhost` PROCEDURE `sp_insertQuestions`()
BEGIN
INSERT INTO questions(description,idcategory,idgrade,idanswer,points,idTime) VALUES ("pregunta1",1,1,3,40,6);
INSERT INTO questions(description,idcategory,idgrade,idanswer,points,idTime) VALUES ("pregunta2",2,2,2,50,2);
INSERT INTO questions(description,idcategory,idgrade,idanswer,points,idTime) VALUES ("pregunta3",3,3,3,60,3);
INSERT INTO questions(description,idcategory,idgrade,idanswer,points,idTime) VALUES ("pregunta4",4,4,4,70,5);
INSERT INTO questions(description,idcategory,idgrade,idanswer,points,idTime) VALUES ("pregunta5",5,5,5,40,4);
INSERT INTO questions(description,idcategory,idgrade,idanswer,points,idTime) VALUES ("pregunta6",6,6,6,80,1);
INSERT INTO questions(description,idcategory,idgrade,idanswer,points,idTime) VALUES ("pregunta7",7,1,5,90,6);
INSERT INTO questions(description,idcategory,idgrade,idanswer,points,idTime) VALUES ("pregunta8",8,2,2,100,5);
INSERT INTO questions(description,idcategory,idgrade,idanswer,points,idTime) VALUES ("pregunta9",1,3,3,110,4);
END$$

DELIMITER ;

-- -----------------------------------------------------
-- procedure sp_insertRegions
-- -----------------------------------------------------

DELIMITER $$
USE `mydb`$$
CREATE DEFINER=`root`@`localhost` PROCEDURE `sp_insertRegions`()
BEGIN
INSERT INTO regions (name,idCountry) VALUES ("San Jose",23);
INSERT INTO regions (name,idCountry) VALUES ("California",26);
INSERT INTO regions (name,idCountry) VALUES ("Alajuela",23);
INSERT INTO regions (name,idCountry) VALUES ("Turin",28);
INSERT INTO regions (name,idCountry) VALUES ("Paris",27);
INSERT INTO regions (name,idCountry) VALUES ("Heredia",23);
INSERT INTO regions (name,idCountry) VALUES ("Puntarenas",23);
INSERT INTO regions (name,idCountry) VALUES ("Guanacaste",23);
INSERT INTO regions (name,idCountry) VALUES ("Limon",23);
INSERT INTO regions (name,idCountry) VALUES ("Cartago",23);

END$$

DELIMITER ;

-- -----------------------------------------------------
-- procedure sp_insertSchools
-- -----------------------------------------------------

DELIMITER $$
USE `mydb`$$
CREATE DEFINER=`root`@`localhost` PROCEDURE `sp_insertSchools`()
BEGIN
INSERT INTO schools (name,idAddress) VALUES ("escuela1",1);
INSERT INTO schools (name,idAddress) VALUES ("escuela2",2);
INSERT INTO schools (name,idAddress) VALUES ("escuela3",8);
INSERT INTO schools (name,idAddress) VALUES ("escuela4",5);
INSERT INTO schools (name,idAddress) VALUES ("escuela5",5);
INSERT INTO schools (name,idAddress) VALUES ("escuela6",3);
INSERT INTO schools (name,idAddress) VALUES ("escuela7",3);
INSERT INTO schools (name,idAddress) VALUES ("escuela8",1);
INSERT INTO schools (name,idAddress) VALUES ("escuela9",1);
INSERT INTO schools (name,idAddress) VALUES ("escuela10",9);

END$$

DELIMITER ;

-- -----------------------------------------------------
-- procedure sp_insertTimes
-- -----------------------------------------------------

DELIMITER $$
USE `mydb`$$
CREATE DEFINER=`root`@`localhost` PROCEDURE `sp_insertTimes`()
BEGIN

INSERT INTO times(idTime,value,idUnit) VALUES (1,42,1);
INSERT INTO times(idTime,value,idUnit) VALUES (2,0,2);
INSERT INTO times(idTime,value,idUnit) VALUES (3,5,3);
INSERT INTO times(idTime,value,idUnit) VALUES (4,30,1);
INSERT INTO times(idTime,value,idUnit) VALUES (5,23,5);
INSERT INTO times(idTime,value,idUnit) VALUES (6,40,4);

END$$

DELIMITER ;

-- -----------------------------------------------------
-- procedure sp_insertUnits
-- -----------------------------------------------------

DELIMITER $$
USE `mydb`$$
CREATE DEFINER=`root`@`localhost` PROCEDURE `sp_insertUnits`()
BEGIN

INSERT INTO units (idUnit,name) VALUES (1,"unit1");
INSERT INTO units (idUnit,name) VALUES (2,"unit2");
INSERT INTO units (idUnit,name) VALUES (3,"unit3");
INSERT INTO units (idUnit,name) VALUES (4,"unit4");
INSERT INTO units (idUnit,name) VALUES (5,"unit5");
INSERT INTO units (idUnit,name) VALUES (6,"unit6");
INSERT INTO units (idUnit,name) VALUES (7,"unit7");
END$$

DELIMITER ;

-- -----------------------------------------------------
-- procedure sp_insertUserTypes
-- -----------------------------------------------------

DELIMITER $$
USE `mydb`$$
CREATE DEFINER=`root`@`localhost` PROCEDURE `sp_insertUserTypes`()
BEGIN

INSERT INTO userstypes(name) VALUES ("tipoUsuario1");
INSERT INTO userstypes(name) VALUES ("tipoUsuario2");
INSERT INTO userstypes(name) VALUES ("tipoUsuario3");
INSERT INTO userstypes(name) VALUES ("tipoUsuario4");
INSERT INTO userstypes(name) VALUES ("tipoUsuario5");
END$$

DELIMITER ;

-- -----------------------------------------------------
-- procedure sp_insertUsers
-- -----------------------------------------------------

DELIMITER $$
USE `mydb`$$
CREATE DEFINER=`root`@`localhost` PROCEDURE `sp_insertUsers`()
BEGIN
INSERT INTO users(username,email,password,idUserType,enable) VALUES("usernam1","email1@correo.com","1234",2,0);
INSERT INTO users(username,email,password,idUserType,enable) VALUES("usernam2","email2@correo.com","5678",5,1);
INSERT INTO users(username,email,password,idUserType,enable) VALUES("usernam3","email3@correo.com","1379",3,0);
INSERT INTO users(username,email,password,idUserType,enable) VALUES("usernam4","email4@correo.com","2468",1,1);
INSERT INTO users(username,email,password,idUserType,enable) VALUES("usernam5","email5@correo.com","12345",2,0);
INSERT INTO users(username,email,password,idUserType,enable) VALUES("usernam5","email6@correo.com","123456",3,1);
INSERT INTO users(username,email,password,idUserType,enable) VALUES("usernam6","email7@correo.com","1234567",4,0);
INSERT INTO users(username,email,password,idUserType,enable) VALUES("usernam7","email8@correo.com","12345678",1,1);

END$$

DELIMITER ;

SET SQL_MODE=@OLD_SQL_MODE;
SET FOREIGN_KEY_CHECKS=@OLD_FOREIGN_KEY_CHECKS;
SET UNIQUE_CHECKS=@OLD_UNIQUE_CHECKS;

